{
  "reference": "full_ext",
  "delta_vs_leave_one_out": {
    "clip": -0.044234395206394606,
    "color": 0.004920586114224523,
    "season": -0.0007073820604754921,
    "luminance": 0.0037660229227403086,
    "texture": 0.004473404983215801,
    "pattern": 0.0037660229227403086,
    "text": 0.0
  }
}