{
  "reference": "full_ext",
  "delta_vs_leave_one_out": {
    "clip": -0.06074042827988113,
    "color": 0.008868063739066678,
    "season": -0.005102040816326592,
    "luminance": 0.0037660229227400865,
    "texture": 0.008868063739066678,
    "pattern": 0.0037660229227400865,
    "text": 0.0
  }
}