noeud,eigenvector_centrality,betweenness_centrality,degree_centrality
Bottega Veneta,0.6934006136939058,0.7000000000000001,0.6000000000000001
Louis Vuitton,0.13854814660945575,0.4,0.4
